product_name,price_gbp,product_url,our_category,competitor,source,scrape_date
Autumnal Leaves Doormat,22.0,https://www.coxandcox.co.uk/autumnal-leaves-doormat/,Doormats,Cox & Cox,HTML Scrape,2026-03-21
Little Flowers Rubber Doormat - Large,30.0,https://www.coxandcox.co.uk/little-flowers-rubber-doormat-large/,Doormats,Cox & Cox,HTML Scrape,2026-03-21
Scalloped Jute Doormat,22.0,https://www.coxandcox.co.uk/scalloped-jute-doormat/,Doormats,Cox & Cox,HTML Scrape,2026-03-21
Scalloped Jute Doormat - Double,35.0,https://www.coxandcox.co.uk/scalloped-jute-doormat-double/,Doormats,Cox & Cox,HTML Scrape,2026-03-21
Textured Jute Doormat - Double,35.0,https://www.coxandcox.co.uk/textured-jute-doormat-double/,Doormats,Cox & Cox,HTML Scrape,2026-03-21
Braided Jute French Stripe Doormat - Double,35.0,https://www.coxandcox.co.uk/braided-jute-french-stripe-doormat-double/,Doormats,Cox & Cox,HTML Scrape,2026-03-21
Braided Jute Stripe Doormat - Double,35.0,https://www.coxandcox.co.uk/braided-jute-stripe-doormat-double/,Doormats,Cox & Cox,HTML Scrape,2026-03-21
Braided Jute Oval Doormat,22.0,https://www.coxandcox.co.uk/braided-jute-oval-doormat/,Doormats,Cox & Cox,HTML Scrape,2026-03-21
Braided Jute Oval Doormat - Border,22.0,https://www.coxandcox.co.uk/braided-jute-oval-doormat-border/,Doormats,Cox & Cox,HTML Scrape,2026-03-21
Braided Jute Diamond Doormat,22.0,https://www.coxandcox.co.uk/braided-jute-diamond-doormat/,Doormats,Cox & Cox,HTML Scrape,2026-03-21
Geometric Jute Doormat,22.0,https://www.coxandcox.co.uk/geometric-jute-doormat/,Doormats,Cox & Cox,HTML Scrape,2026-03-21
Chunky Jute Doormat - Double,35.0,https://www.coxandcox.co.uk/chunky-jute-doormat-double/,Doormats,Cox & Cox,HTML Scrape,2026-03-21
Star Doormat - Slim Double,35.0,https://www.coxandcox.co.uk/star-doormat-slim-double/,Doormats,Cox & Cox,HTML Scrape,2026-03-21
Embossed Paw Print Doormat,25.0,https://www.coxandcox.co.uk/embossed-paw-print-doormat/,Doormats,Cox & Cox,HTML Scrape,2026-03-21
Braided Jute Doormat - Double,30.0,https://www.coxandcox.co.uk/braided-jute-doormat-double/,Doormats,Cox & Cox,HTML Scrape,2026-03-21
Welcome Doormat - Double,35.0,https://www.coxandcox.co.uk/welcome-doormat-double/,Doormats,Cox & Cox,HTML Scrape,2026-03-21
Dotty Doormat - Large,25.0,https://www.coxandcox.co.uk/dotty-doormat-extra-large/,Doormats,Cox & Cox,HTML Scrape,2026-03-21
Rubber Border Doormat - Natural,25.0,https://www.coxandcox.co.uk/rubber-border-doormat-natural/,Doormats,Cox & Cox,HTML Scrape,2026-03-21
Geometric Stain Resistant Runner,50.0,https://www.coxandcox.co.uk/geometric-stain-resistant-runner/,Doormats,Cox & Cox,HTML Scrape,2026-03-21
Embossed Bumble Bee Doormat,22.0,https://www.coxandcox.co.uk/embossed-bumble-bee-doormat-medium/,Doormats,Cox & Cox,HTML Scrape,2026-03-21
Embossed Quatrefoil Doormat - Large,25.0,https://www.coxandcox.co.uk/embossed-quatrefoil-doormat-extra-large/,Doormats,Cox & Cox,HTML Scrape,2026-03-21
Embossed Stars Doormat - Double,35.0,https://www.coxandcox.co.uk/new-embossed-stars-doormat-double/,Doormats,Cox & Cox,HTML Scrape,2026-03-21
Maroq Rubber Doormat - Double,35.0,https://www.coxandcox.co.uk/new-maroq-rubber-doormat-double/,Doormats,Cox & Cox,HTML Scrape,2026-03-21
Embossed Paw Print Doormat - Double,35.0,https://www.coxandcox.co.uk/new-embossed-paw-print-doormat-double/,Doormats,Cox & Cox,HTML Scrape,2026-03-21
Embossed Rubber Star Doormat - Large,25.0,https://www.coxandcox.co.uk/new-embossed-rubber-star-doormat-extra-large/,Doormats,Cox & Cox,HTML Scrape,2026-03-21
Maroq Rubber Doormat,25.0,https://www.coxandcox.co.uk/maroq-rubber-doormat/,Doormats,Cox & Cox,HTML Scrape,2026-03-21
Embossed Stars Doormat,20.0,https://www.coxandcox.co.uk/new-embossed-stars-doormat-medium/,Doormats,Cox & Cox,HTML Scrape,2026-03-21
Star Doormat,20.0,https://www.coxandcox.co.uk/star-doormat-medium-1/,Doormats,Cox & Cox,HTML Scrape,2026-03-21
Braided Jute Doormat,15.0,https://www.coxandcox.co.uk/braided-jute-doormat-medium/,Doormats,Cox & Cox,HTML Scrape,2026-03-21
Maroq Golden Rubber Doormat,25.0,https://www.coxandcox.co.uk/maroq-golden-rubber-doormat/,Doormats,Cox & Cox,HTML Scrape,2026-03-21
French Stripe Doormat,20.0,https://www.coxandcox.co.uk/french-stripe-doormat-medium/,Doormats,Cox & Cox,HTML Scrape,2026-03-21
French Stripe Doormat - Double,35.0,https://www.coxandcox.co.uk/french-stripe-doormat-double/,Doormats,Cox & Cox,HTML Scrape,2026-03-21
Border Doormat - Double,35.0,https://www.coxandcox.co.uk/border-doormat-double/,Doormats,Cox & Cox,HTML Scrape,2026-03-21
Border Doormat,22.0,https://www.coxandcox.co.uk/border-doormat-medium/,Doormats,Cox & Cox,HTML Scrape,2026-03-21
Star Print Rubber Boot Tray,40.0,https://www.coxandcox.co.uk/star-print-rubber-boot-tray-medium/,Doormats,Cox & Cox,HTML Scrape,2026-03-21
Star Rubber Doormat - Double,35.0,https://www.coxandcox.co.uk/star-rubber-doormat-double/,Doormats,Cox & Cox,HTML Scrape,2026-03-21
Star Rubber Doormat,25.0,https://www.coxandcox.co.uk/star-rubber-doormat-medium/,Doormats,Cox & Cox,HTML Scrape,2026-03-21
Embossed Bumble Bee Doormat - Double,35.0,https://www.coxandcox.co.uk/embossed-bumble-bee-doormat-double/,Doormats,Cox & Cox,HTML Scrape,2026-03-21
Embossed Chevron Doormat - Double,35.0,https://www.coxandcox.co.uk/embossed-chevron-doormat-double/,Doormats,Cox & Cox,HTML Scrape,2026-03-21
Woven Hanging Storage Basket,55.0,https://www.coxandcox.co.uk/woven-hanging-storage-basket/,Storage,Cox & Cox,HTML Scrape,2026-03-21
Olive Wire Storage Basket,28.0,https://www.coxandcox.co.uk/olive-wire-storage-basket/,Storage,Cox & Cox,HTML Scrape,2026-03-21
Round Iron Shelf Unit,150.0,https://www.coxandcox.co.uk/round-iron-shelf-unit/,Storage,Cox & Cox,HTML Scrape,2026-03-21
Iron Industrial Wine Rack,95.0,https://www.coxandcox.co.uk/iron-industrial-wine-rack/,Storage,Cox & Cox,HTML Scrape,2026-03-21
Two Monochrome Seagrass Baskets,75.0,https://www.coxandcox.co.uk/two-monochrome-seagrassbaskets/,Storage,Cox & Cox,HTML Scrape,2026-03-21
Five Piece Seagrass Tray Set,55.0,https://www.coxandcox.co.uk/five-piece-seagrass-tray-set/,Storage,Cox & Cox,HTML Scrape,2026-03-21
NEW Distressed Industrial Metal Hooks,35.0,https://www.coxandcox.co.uk/distressed-industrial-metal-hooks/,Storage,Cox & Cox,HTML Scrape,2026-03-21
Cast iron Boot Rack,125.0,https://www.coxandcox.co.uk/cast-iron-boot-rack/,Storage,Cox & Cox,HTML Scrape,2026-03-21
Twisted Iron Hooks - Small,18.5,https://www.coxandcox.co.uk/twisted-iron-hooks-small/,Storage,Cox & Cox,HTML Scrape,2026-03-21
Twisted Iron Hooks - Large,25.0,https://www.coxandcox.co.uk/twisted-iron-hooks-large/,Storage,Cox & Cox,HTML Scrape,2026-03-21
Small Plate Mounted Hook Rack - Brass Finish,35.0,https://www.coxandcox.co.uk/small-plate-mounted-hook-rack-brass-finish/,Storage,Cox & Cox,HTML Scrape,2026-03-21
Three Lidded Seagrass Storage Baskets,65.0,https://www.coxandcox.co.uk/three-lidded-seagrass-storage-baskets/,Storage,Cox & Cox,HTML Scrape,2026-03-21
Three Nesting Seagrass Storage Trays,55.0,https://www.coxandcox.co.uk/three-nesting-seagrass-storage-trays/,Storage,Cox & Cox,HTML Scrape,2026-03-21
Three Handled Rush Grass Storage Baskets,55.0,https://www.coxandcox.co.uk/three-handled-rush-grass-storage-baskets/,Storage,Cox & Cox,HTML Scrape,2026-03-21
Set of Three Bamboo Boxes,25.0,https://www.coxandcox.co.uk/bamboo-box-set-trio/,Storage,Cox & Cox,HTML Scrape,2026-03-21
White Washed Metal Hook Rack- Small,35.0,https://www.coxandcox.co.uk/white-washed-metal-hook-rack-small/,Storage,Cox & Cox,HTML Scrape,2026-03-21
Two Monochrome Seagrass Baskets,75.0,https://www.coxandcox.co.uk/two-monochrome-seagrassbaskets/,Bags,Cox & Cox,HTML Scrape,2026-03-21
Five Piece Seagrass Tray Set,55.0,https://www.coxandcox.co.uk/five-piece-seagrass-tray-set/,Bags,Cox & Cox,HTML Scrape,2026-03-21
Three Seagrass Baskets,115.0,https://www.coxandcox.co.uk/three-seagrass-baskets/,Bags,Cox & Cox,HTML Scrape,2026-03-21
Six Stacking Seagrass Storage Baskets,135.0,https://www.coxandcox.co.uk/six-stacking-seagrass-storage-baskets/,Bags,Cox & Cox,HTML Scrape,2026-03-21
Three Lidded Seagrass Storage Baskets,65.0,https://www.coxandcox.co.uk/three-lidded-seagrass-storage-baskets/,Bags,Cox & Cox,HTML Scrape,2026-03-21
Three Nesting Seagrass Storage Trays,55.0,https://www.coxandcox.co.uk/three-nesting-seagrass-storage-trays/,Bags,Cox & Cox,HTML Scrape,2026-03-21
Two Nesting Scalloped Seagrass Storage Trays,35.0,https://www.coxandcox.co.uk/two-nesting-scalloped-seagrass-storage-trays/,Bags,Cox & Cox,HTML Scrape,2026-03-21
Three Handled Rush Grass Storage Baskets,55.0,https://www.coxandcox.co.uk/three-handled-rush-grass-storage-baskets/,Bags,Cox & Cox,HTML Scrape,2026-03-21
Two Tone Jute Storage Bag,70.0,https://www.coxandcox.co.uk/two-tone-jute-storage-bag/,Bags,Cox & Cox,HTML Scrape,2026-03-21
Seagrass Hanging Magazine Holder,75.0,https://www.coxandcox.co.uk/seagrass-hanging-magazine-holder/,Bags,Cox & Cox,HTML Scrape,2026-03-21
Lined Rattan Laundry Basket - Square,125.0,https://www.coxandcox.co.uk/square-lined-rattan-laundry-basket/,Bags,Cox & Cox,HTML Scrape,2026-03-21
Rattan Rectangular Basket,85.0,https://www.coxandcox.co.uk/rattan-rectangular-basket/,Bags,Cox & Cox,HTML Scrape,2026-03-21
Rattan Magazine Rack,40.0,https://www.coxandcox.co.uk/rattan-magazine-rack/,Bags,Cox & Cox,HTML Scrape,2026-03-21
Rattan Storage Basket - Square,40.0,https://www.coxandcox.co.uk/rattan-storage-basket-square/,Bags,Cox & Cox,HTML Scrape,2026-03-21
Rattan Waste Paper Basket - Round,35.0,https://www.coxandcox.co.uk/rattan-waste-paper-basket-round/,Bags,Cox & Cox,HTML Scrape,2026-03-21
Rattan Waste Paper Basket - Square,45.0,https://www.coxandcox.co.uk/rattan-waste-paper-basket/,Bags,Cox & Cox,HTML Scrape,2026-03-21
Two Faux Rattan Storage Trays,60.0,https://www.coxandcox.co.uk/two-round-rattan-storage-trays/,Bags,Cox & Cox,HTML Scrape,2026-03-21
Striped Jute Storage Bag,65.0,https://www.coxandcox.co.uk/striped-jute-storage-bag/,Bags,Cox & Cox,HTML Scrape,2026-03-21
Rattan Stepped Basket,55.0,https://www.coxandcox.co.uk/rattan-stepped-basket/,Bags,Cox & Cox,HTML Scrape,2026-03-21
Three Striped Storage Baskets,50.0,https://www.coxandcox.co.uk/three-striped-storagebaskets/,Bags,Cox & Cox,HTML Scrape,2026-03-21
Jute Hanging Baskets,65.0,https://www.coxandcox.co.uk/jute-hanging-baskets/,Bags,Cox & Cox,HTML Scrape,2026-03-21
Hanging Storage Basket,18.5,https://www.coxandcox.co.uk/hanging-storage-basket/,Bags,Cox & Cox,HTML Scrape,2026-03-21
Olive Wire Storage Basket,28.0,https://www.coxandcox.co.uk/olive-wire-storage-basket/,Bags,Cox & Cox,HTML Scrape,2026-03-21
Water Hyacinth Storage Basket,65.0,https://www.coxandcox.co.uk/water-hyacinth-storage-basket-large/,Bags,Cox & Cox,HTML Scrape,2026-03-21
Woven Hanging Storage Basket,55.0,https://www.coxandcox.co.uk/woven-hanging-storage-basket/,Bags,Cox & Cox,HTML Scrape,2026-03-21
Two Woven Baskets,50.0,https://www.coxandcox.co.uk/two-woven-baskets/,Bags,Cox & Cox,HTML Scrape,2026-03-21
Two Square Woven Baskets,95.0,https://www.coxandcox.co.uk/two-square-woven-baskets/,Bags,Cox & Cox,HTML Scrape,2026-03-21
Green Recycled Glass Citronella Candle,35.0,https://www.coxandcox.co.uk/green-recycled-glass-citronella-candle/,Candles & Lighting,Cox & Cox,HTML Scrape,2026-03-21
Sage Glass Candle Holder - Small,14.5,https://www.coxandcox.co.uk/sage-glass-candleholder-small/,Candles & Lighting,Cox & Cox,HTML Scrape,2026-03-21
Two Beeswax Dinner Candles,12.5,https://www.coxandcox.co.uk/two-beeswax-dinner-candles/,Candles & Lighting,Cox & Cox,HTML Scrape,2026-03-21
Green Glaze Stoneware Candle Holder,25.0,https://www.coxandcox.co.uk/green-glaze-stoneware-candle-holder/,Candles & Lighting,Cox & Cox,HTML Scrape,2026-03-21
House Candle Holder with Handle,25.0,https://www.coxandcox.co.uk/house-candle-holder-with-handle/,Candles & Lighting,Cox & Cox,HTML Scrape,2026-03-21
LED Faux Candle Set,25.5,https://www.coxandcox.co.uk/led-faux-candle-set/,Candles & Lighting,Cox & Cox,HTML Scrape,2026-03-21
Antiqued Effect Dinner Candle Holder,25.0,https://www.coxandcox.co.uk/antiqued-effect-dinner-candle-holder/,Candles & Lighting,Cox & Cox,HTML Scrape,2026-03-21
Textured Iron Dinner Candle Holder,35.0,https://www.coxandcox.co.uk/textured-iron-dinner-candle-holder/,Candles & Lighting,Cox & Cox,HTML Scrape,2026-03-21
Two LED Dinner Candles,6.5,https://www.coxandcox.co.uk/two-led-dinner-candles/,Candles & Lighting,Cox & Cox,HTML Scrape,2026-03-21
Striped Glass Tealight Holder,18.5,https://www.coxandcox.co.uk/striped-glass-tealight-holder/,Candles & Lighting,Cox & Cox,HTML Scrape,2026-03-21
Confetti Glass Tealight Holder,14.5,https://www.coxandcox.co.uk/confetti-glass-tealight-holder/,Candles & Lighting,Cox & Cox,HTML Scrape,2026-03-21
Striped Dinner Candle Holder - Cinnamon,30.0,https://www.coxandcox.co.uk/striped-dinner-candle-holder-cinnamon/,Candles & Lighting,Cox & Cox,HTML Scrape,2026-03-21
Two Reactive Glaze Dinner Candle Holders,40.0,https://www.coxandcox.co.uk/two-reactive-glaze-dinner-candle-holders/,Candles & Lighting,Cox & Cox,HTML Scrape,2026-03-21
LED Pillar Candles,9.5,https://www.coxandcox.co.uk/led-pillar-candles/,Candles & Lighting,Cox & Cox,HTML Scrape,2026-03-21
Reactive Glaze Dinner Candle Holder,16.5,https://www.coxandcox.co.uk/reactive-glaze-dinner-candle-holder/,Candles & Lighting,Cox & Cox,HTML Scrape,2026-03-21
Travertine & Glass Tealight Holder,50.0,https://www.coxandcox.co.uk/travertine-smoked-glass-tealight-holder/,Candles & Lighting,Cox & Cox,HTML Scrape,2026-03-21
Faux Clam Shell,137.5,https://www.coxandcox.co.uk/faux-clam-shell/,Candles & Lighting,Cox & Cox,HTML Scrape,2026-03-21
Three Remote Controlled LED Candles,20.0,https://www.coxandcox.co.uk/three-remote-controlled-led-candles/,Candles & Lighting,Cox & Cox,HTML Scrape,2026-03-21
Distressed Artichoke Tealight Holder,35.0,https://www.coxandcox.co.uk/artichoke-tealight-holder/,Candles & Lighting,Cox & Cox,HTML Scrape,2026-03-21
Olive Glass Dinner Candle Holder - Small,20.0,https://www.coxandcox.co.uk/olive-glass-dinner-candle-holder-small/,Candles & Lighting,Cox & Cox,HTML Scrape,2026-03-21
Olive Glass Dinner Candle Holder - Large,25.0,https://www.coxandcox.co.uk/olive-glass-dinner-candle-holder-large/,Candles & Lighting,Cox & Cox,HTML Scrape,2026-03-21
Iron Bowl Dinner Candle Holder,20.0,https://www.coxandcox.co.uk/iron-bowl-dinner-candle-holder/,Candles & Lighting,Cox & Cox,HTML Scrape,2026-03-21
Olive Glass Candle Holder,20.0,https://www.coxandcox.co.uk/olive-glass-candle-holder/,Candles & Lighting,Cox & Cox,HTML Scrape,2026-03-21
Three Brass House Tealight Holders,13.0,https://www.coxandcox.co.uk/two-brass-house-tealight-holders/,Candles & Lighting,Cox & Cox,HTML Scrape,2026-03-21
Bottle Top Candle Holder,8.13,https://www.coxandcox.co.uk/bottle-top-candle-holder/,Candles & Lighting,Cox & Cox,HTML Scrape,2026-03-21
Stone Dinner Candle Holder - Large,14.5,https://www.coxandcox.co.uk/stone-dinner-candle-holder-large/,Candles & Lighting,Cox & Cox,HTML Scrape,2026-03-21
Matte Black Dinner Candle Holder,20.0,https://www.coxandcox.co.uk/matte-black-dinner-candle-holder/,Candles & Lighting,Cox & Cox,HTML Scrape,2026-03-21
Metal Candelabra,50.0,https://www.coxandcox.co.uk/metal-candelabra/,Candles & Lighting,Cox & Cox,HTML Scrape,2026-03-21
Woven Rope Shade - Small,50.0,https://www.coxandcox.co.uk/woven-rope-shade-small/,Candles & Lighting,Cox & Cox,HTML Scrape,2026-03-21
Velvet Shade Navy - Large,46.0,https://www.coxandcox.co.uk/velvet-shade-navy-large/,Candles & Lighting,Cox & Cox,HTML Scrape,2026-03-21
Velvet Shade Olive - Large,46.0,https://www.coxandcox.co.uk/velvet-shade-olive-large/,Candles & Lighting,Cox & Cox,HTML Scrape,2026-03-21
Geometric Textured Table Lamp - Neutral,125.0,https://www.coxandcox.co.uk/geometric-textured-table-lamp-neutral/,Candles & Lighting,Cox & Cox,HTML Scrape,2026-03-21
Tapered Scalloped Edge Shade - Small,60.0,https://www.coxandcox.co.uk/tapered-scalloped-edge-shade-small/,Candles & Lighting,Cox & Cox,HTML Scrape,2026-03-21
Caged Port Light,42.5,https://www.coxandcox.co.uk/caged-port-light/,Candles & Lighting,Cox & Cox,HTML Scrape,2026-03-21
Celeste Rechargeable Table Lamp,125.0,https://www.coxandcox.co.uk/celeste-rechargeable-table-lamp/,Candles & Lighting,Cox & Cox,HTML Scrape,2026-03-21
Walnut & Brushed Steel Floor Lamp,150.0,https://www.coxandcox.co.uk/walnut-brushed-steel-floor-lamp/,Candles & Lighting,Cox & Cox,HTML Scrape,2026-03-21
Gold Palm Pendant,147.5,https://www.coxandcox.co.uk/brass-palm-pendant/,Candles & Lighting,Cox & Cox,HTML Scrape,2026-03-21
Navy Tapered Chevron Shade - Large,95.0,https://www.coxandcox.co.uk/navy-tapered-chevron-shade-large/,Candles & Lighting,Cox & Cox,HTML Scrape,2026-03-21
Natural Tapered Chevron Shade - Small,75.0,https://www.coxandcox.co.uk/natural-tapered-chevron-shade-small/,Candles & Lighting,Cox & Cox,HTML Scrape,2026-03-21
Aria Clear Glass Table Lamp - Small,125.0,https://www.coxandcox.co.uk/aria-mercuried-glass-table-lamp-small/,Candles & Lighting,Cox & Cox,HTML Scrape,2026-03-21
Lunelle Rechargeable Table Lamp Base,75.0,https://www.coxandcox.co.uk/lunelle-rechargeable-table-lamp/,Candles & Lighting,Cox & Cox,HTML Scrape,2026-03-21
Tapered Clip On Shade - Blue Ikat,35.0,https://www.coxandcox.co.uk/tapered-clip-on-shade-blue-ikat/,Candles & Lighting,Cox & Cox,HTML Scrape,2026-03-21
Tapered Clip On Shade - Neutral Ikat,35.0,https://www.coxandcox.co.uk/tapered-clip-on-shade-neutral-ikat/,Candles & Lighting,Cox & Cox,HTML Scrape,2026-03-21
Tapered Clip On Shade - Orange Zig Zag Ikat,35.0,https://www.coxandcox.co.uk/tapered-clip-on-shade-orange-ikat/,Candles & Lighting,Cox & Cox,HTML Scrape,2026-03-21
Camilla Table Lamp - Terracotta,75.0,https://www.coxandcox.co.uk/camilla-table-lamp-terracotta/,Candles & Lighting,Cox & Cox,HTML Scrape,2026-03-21
Frosted Squoval Pendant,75.0,https://www.coxandcox.co.uk/frosted-squoval-pendant/,Candles & Lighting,Cox & Cox,HTML Scrape,2026-03-21
Black Tapered Chevron Shade - Large,85.0,https://www.coxandcox.co.uk/black-tapered-chevron-shade-large/,Candles & Lighting,Cox & Cox,HTML Scrape,2026-03-21
Natural Ash & Glass Pendant,150.0,https://www.coxandcox.co.uk/natural-ash-glass-pendant/,Candles & Lighting,Cox & Cox,HTML Scrape,2026-03-21
Haugen Ribbed Rust Double Wall Light,45.0,https://www.coxandcox.co.uk/ribberud-ribbed-rust-double-wall-light/,Candles & Lighting,Cox & Cox,HTML Scrape,2026-03-21
Haugen Ribbed Rust Wall Light,38.0,https://www.coxandcox.co.uk/ribberud-ribbed-rust-wall-light/,Candles & Lighting,Cox & Cox,HTML Scrape,2026-03-21
Nocturne Rechargeable LED Mini Lamp & Pathfinder  - Rust,55.0,https://www.coxandcox.co.uk/nocturne-rechargeable-led-mini-lamp-pathfinder-terracotta/,Candles & Lighting,Cox & Cox,HTML Scrape,2026-03-21
Nocturne Rechargeable LED Floor Lamp - Rust,115.0,https://www.coxandcox.co.uk/nocturne-rechargeable-led-mini-lamp-pathfinder-rust/,Candles & Lighting,Cox & Cox,HTML Scrape,2026-03-21
Nocturne Rechargeable LED Table lamp - Stone,75.0,https://www.coxandcox.co.uk/nocturne-rechargeable-led-table-lamp-stone-white/,Candles & Lighting,Cox & Cox,HTML Scrape,2026-03-21
Nocturne Rechargeable LED Table lamp - Rust,75.0,https://www.coxandcox.co.uk/nocturne-rechargeable-led-table-lamp-rust/,Candles & Lighting,Cox & Cox,HTML Scrape,2026-03-21
Black & Cream Embroidered Shade - Large,60.0,https://www.coxandcox.co.uk/black-cream-embroidered-shade-large/,Candles & Lighting,Cox & Cox,HTML Scrape,2026-03-21
Aeon Reading Lamp,145.0,https://www.coxandcox.co.uk/aeon-reading-lamp/,Candles & Lighting,Cox & Cox,HTML Scrape,2026-03-21
Opal Glass E27 Globe Bulb,6.5,https://www.coxandcox.co.uk/opal-glass-e27-globe-bulb/,Candles & Lighting,Cox & Cox,HTML Scrape,2026-03-21
Opal Glass E27 Large Globe Bulb,8.5,https://www.coxandcox.co.uk/opal-glass-e27-large-globe-bulb/,Candles & Lighting,Cox & Cox,HTML Scrape,2026-03-21
Four Cotton Napkins - Nautical Stripe,25.0,https://www.coxandcox.co.uk/four-cotton-napkins-nautical-stripe/,Kitchen & Baking,Cox & Cox,HTML Scrape,2026-03-21
Six Kamila Dinner Plates,65.0,https://www.coxandcox.co.uk/six-kamila-dinner-plates/,Kitchen & Baking,Cox & Cox,HTML Scrape,2026-03-21
Six Kamila Side Plates,45.0,https://www.coxandcox.co.uk/six-kamila-side-plates/,Kitchen & Baking,Cox & Cox,HTML Scrape,2026-03-21
Two Green Handled Salad Servers,50.0,https://www.coxandcox.co.uk/two-green-handled-salad-servers/,Kitchen & Baking,Cox & Cox,HTML Scrape,2026-03-21
Two Fan Salad Servers,50.0,https://www.coxandcox.co.uk/two-fan-salad-servers/,Kitchen & Baking,Cox & Cox,HTML Scrape,2026-03-21
Kamila Serving Bowl,30.0,https://www.coxandcox.co.uk/kamila-serving-bowl/,Kitchen & Baking,Cox & Cox,HTML Scrape,2026-03-21
Multi Coloured Confetti Glasses,50.0,https://www.coxandcox.co.uk/multi-coloured-confetti-glasses/,Kitchen & Baking,Cox & Cox,HTML Scrape,2026-03-21
Metal Wine Cooler - Small,45.0,https://www.coxandcox.co.uk/metal-wine-cooler-small/,Kitchen & Baking,Cox & Cox,HTML Scrape,2026-03-21
Classic House Ice Bucket,85.0,https://www.coxandcox.co.uk/classic-house-ice-bucket/,Kitchen & Baking,Cox & Cox,HTML Scrape,2026-03-21
Two Tea Towels - Olive Print & Stripe,20.0,https://www.coxandcox.co.uk/two-tea-towels-olive-print-stripe/,Kitchen & Baking,Cox & Cox,HTML Scrape,2026-03-21
Green Glassware,55.0,https://www.coxandcox.co.uk/green-glassware/,Kitchen & Baking,Cox & Cox,HTML Scrape,2026-03-21
Bubble Glassware - Green,45.0,https://www.coxandcox.co.uk/bubble-glassware-green/,Kitchen & Baking,Cox & Cox,HTML Scrape,2026-03-21
Etta Dinnerware,40.0,https://www.coxandcox.co.uk/etta-dinnerware/,Kitchen & Baking,Cox & Cox,HTML Scrape,2026-03-21
Two Round Mango Wood Serving Boards,40.0,https://www.coxandcox.co.uk/two-round-mango-wood-serving-boards/,Kitchen & Baking,Cox & Cox,HTML Scrape,2026-03-21
Standing Mango Wood Serving Bowl,35.0,https://www.coxandcox.co.uk/standing-mango-wood-serving-bowl/,Kitchen & Baking,Cox & Cox,HTML Scrape,2026-03-21
Rattan & Capiz Serving Tray,40.0,https://www.coxandcox.co.uk/rattan-xx-serving-tray/,Kitchen & Baking,Cox & Cox,HTML Scrape,2026-03-21
Sixteen Piece Cutlery Set - Emerald & Gold,35.0,https://www.coxandcox.co.uk/sixteen-piece-cutlery-set-emerald-gold/,Kitchen & Baking,Cox & Cox,HTML Scrape,2026-03-21
Four Coloured Glass Bubble Beakers,45.0,https://www.coxandcox.co.uk/four-coloured-glass-bubble-beakers/,Kitchen & Baking,Cox & Cox,HTML Scrape,2026-03-21
Classic Green Striped Table Cloth - Large,85.0,https://www.coxandcox.co.uk/classic-green-striped-table-cloth-large/,Kitchen & Baking,Cox & Cox,HTML Scrape,2026-03-21
Four Flower Embroidered Napkins,30.0,https://www.coxandcox.co.uk/four-flower-embroidered-napkins/,Kitchen & Baking,Cox & Cox,HTML Scrape,2026-03-21
Cotton Tea Towel - Mushroom,9.5,https://www.coxandcox.co.uk/cotton-tea-towel-mushroom/,Kitchen & Baking,Cox & Cox,HTML Scrape,2026-03-21
Cotton Tea Towel - Meadow,9.5,https://www.coxandcox.co.uk/cotton-tea-towel-meadow/,Kitchen & Baking,Cox & Cox,HTML Scrape,2026-03-21
Cotton Tea Towel - Ticking Stripe,9.5,https://www.coxandcox.co.uk/cotton-tea-towel-ticking-stripe/,Kitchen & Baking,Cox & Cox,HTML Scrape,2026-03-21
Classic Cotton Apron - Blue Stripe,35.0,https://www.coxandcox.co.uk/classic-cotton-apron-blue-stripe/,Kitchen & Baking,Cox & Cox,HTML Scrape,2026-03-21
Classic Cotton Apron - Natural Check,35.0,https://www.coxandcox.co.uk/classic-cotton-apron-natural-check/,Kitchen & Baking,Cox & Cox,HTML Scrape,2026-03-21
Two Palm Print Mugs,50.0,https://www.coxandcox.co.uk/two-palm-print-mugs/,Kitchen & Baking,Cox & Cox,HTML Scrape,2026-03-21
Twenty Four Piece Cutlery Set - Cream Inlay,45.0,https://www.coxandcox.co.uk/twenty-four-piece-cutlery-set-cream-inlay/,Kitchen & Baking,Cox & Cox,HTML Scrape,2026-03-21
Multi Coloured Confetti Jug,50.0,https://www.coxandcox.co.uk/multi-coloured-confetti-jug/,Kitchen & Baking,Cox & Cox,HTML Scrape,2026-03-21
Four Twisted Stem Wine Glasses,45.0,https://www.coxandcox.co.uk/four-twisted-stem-wine-glasses/,Kitchen & Baking,Cox & Cox,HTML Scrape,2026-03-21
Four Reactive Glaze Mugs- Duck Egg Blue,50.0,https://www.coxandcox.co.uk/four-reactive-glaze-mugs-duck-egg-blue/,Kitchen & Baking,Cox & Cox,HTML Scrape,2026-03-21
Four Speckled Glazed Mugs,45.0,https://www.coxandcox.co.uk/four-speckled-glazed-mugs/,Kitchen & Baking,Cox & Cox,HTML Scrape,2026-03-21
Four Reactive Glaze Mugs- Rose Pink,50.0,https://www.coxandcox.co.uk/four-reactive-glaze-mugs-rose-pink/,Kitchen & Baking,Cox & Cox,HTML Scrape,2026-03-21
Four Organic Ridged Mugs,45.0,https://www.coxandcox.co.uk/four-organic-ridged-mugs/,Kitchen & Baking,Cox & Cox,HTML Scrape,2026-03-21
Sixteen Piece Cutlery Set- Wooden Handles,75.0,https://www.coxandcox.co.uk/sixteen-piece-cutlery-set-wooden-handles/,Kitchen & Baking,Cox & Cox,HTML Scrape,2026-03-21
Green Gloss Salt and Pepper Mill,40.0,https://www.coxandcox.co.uk/green-gloss-salt-and-pepper-mill/,Kitchen & Baking,Cox & Cox,HTML Scrape,2026-03-21
Floral Embroidered Table Cloth,85.0,https://www.coxandcox.co.uk/floral-embroidered-table-cloth/,Kitchen & Baking,Cox & Cox,HTML Scrape,2026-03-21
Four Hand Blown Wine Glasses,50.0,https://www.coxandcox.co.uk/four-hand-blown-wine-glass/,Kitchen & Baking,Cox & Cox,HTML Scrape,2026-03-21
Three Teak Bowls,45.0,https://www.coxandcox.co.uk/three-teak-bowls/,Kitchen & Baking,Cox & Cox,HTML Scrape,2026-03-21
Teak Chopping Board - Round,28.0,https://www.coxandcox.co.uk/teak-chopping-board-round/,Kitchen & Baking,Cox & Cox,HTML Scrape,2026-03-21
Teak Chopping Board - Medium,20.0,https://www.coxandcox.co.uk/teak-chopping-board-medium/,Kitchen & Baking,Cox & Cox,HTML Scrape,2026-03-21
Callie Aged Stone Effect Jug,45.0,https://www.coxandcox.co.uk/callie-aged-stone-effect-jug/,Mugs & Drinkware,Cox & Cox,HTML Scrape,2026-03-21
Multi Coloured Confetti Jug,50.0,https://www.coxandcox.co.uk/multi-coloured-confetti-jug/,Mugs & Drinkware,Cox & Cox,HTML Scrape,2026-03-21
Golden Metal Jug Vase,40.0,https://www.coxandcox.co.uk/brass-jug-vase/,Mugs & Drinkware,Cox & Cox,HTML Scrape,2026-03-21
Miniature Glazed Stoneware Jug,22.0,https://www.coxandcox.co.uk/miniature-glazed-stoneware-jug/,Mugs & Drinkware,Cox & Cox,HTML Scrape,2026-03-21
Geometric Acrylic Jug & Tumbler Set,20.0,https://www.coxandcox.co.uk/geometric-acrylic-jug-tumbler-set/,Mugs & Drinkware,Cox & Cox,HTML Scrape,2026-03-21
Four Pia Mugs,40.0,https://www.coxandcox.co.uk/four-clea-mugs/,Mugs & Drinkware,Cox & Cox,HTML Scrape,2026-03-21
Two Striped Glazed Mugs,40.0,https://www.coxandcox.co.uk/two-striped-glazed-mugs/,Mugs & Drinkware,Cox & Cox,HTML Scrape,2026-03-21
Two Fluted Striped Mugs - Cinnamon,40.0,https://www.coxandcox.co.uk/two-fluted-striped-mugs-cinnamon/,Mugs & Drinkware,Cox & Cox,HTML Scrape,2026-03-21
Two Speckled Glazed Mugs,40.0,https://www.coxandcox.co.uk/two-speckled-glazed-mugs/,Mugs & Drinkware,Cox & Cox,HTML Scrape,2026-03-21
Two Splatter Glazed Mugs,40.0,https://www.coxandcox.co.uk/two-splatter-glazed-mugs/,Mugs & Drinkware,Cox & Cox,HTML Scrape,2026-03-21
Four Edie Mugs,25.0,https://www.coxandcox.co.uk/four-edie-mugs/,Mugs & Drinkware,Cox & Cox,HTML Scrape,2026-03-21
Two Fluted Striped Mugs - Olive,40.0,https://www.coxandcox.co.uk/two-fluted-striped-mugs-olive/,Mugs & Drinkware,Cox & Cox,HTML Scrape,2026-03-21
Four Organic Ridged Mugs,45.0,https://www.coxandcox.co.uk/four-organic-ridged-mugs/,Mugs & Drinkware,Cox & Cox,HTML Scrape,2026-03-21
Four Speckled Glazed Mugs,45.0,https://www.coxandcox.co.uk/four-speckled-glazed-mugs/,Mugs & Drinkware,Cox & Cox,HTML Scrape,2026-03-21
Four Reactive Glaze Mugs- Duck Egg Blue,50.0,https://www.coxandcox.co.uk/four-reactive-glaze-mugs-duck-egg-blue/,Mugs & Drinkware,Cox & Cox,HTML Scrape,2026-03-21
Four Reactive Glaze Mugs- Rose Pink,50.0,https://www.coxandcox.co.uk/four-reactive-glaze-mugs-rose-pink/,Mugs & Drinkware,Cox & Cox,HTML Scrape,2026-03-21
Two Palm Print Mugs,50.0,https://www.coxandcox.co.uk/two-palm-print-mugs/,Mugs & Drinkware,Cox & Cox,HTML Scrape,2026-03-21
Textured Two Tone Jug,30.0,https://www.coxandcox.co.uk/textured-two-tone-jug/,Mugs & Drinkware,Cox & Cox,HTML Scrape,2026-03-21
Lake Abstract Canvas,67.5,https://www.coxandcox.co.uk/new-lake-abstract-canvas/,Frames & Pictures,Cox & Cox,HTML Scrape,2026-03-21
Three Framed Gallery Wall Art,125.0,https://www.coxandcox.co.uk/three-framed-gallery-wall-art/,Frames & Pictures,Cox & Cox,HTML Scrape,2026-03-21
Migrating Geese Framed Canvas,135.0,https://www.coxandcox.co.uk/migrating-geese-framed-canvas/,Frames & Pictures,Cox & Cox,HTML Scrape,2026-03-21
Framed Bold Abstract Floral Canvas,150.0,https://www.coxandcox.co.uk/bold-abstract-floral-canvas-framed/,Frames & Pictures,Cox & Cox,HTML Scrape,2026-03-21
Printed Linen Warblers Beaded Frame,55.0,https://www.coxandcox.co.uk/printed-linen-warblers-beaded-frame/,Frames & Pictures,Cox & Cox,HTML Scrape,2026-03-21
Beaded Frame Flamingo Print,95.0,https://www.coxandcox.co.uk/printed-linen-flamingo-beaded-frame/,Frames & Pictures,Cox & Cox,HTML Scrape,2026-03-21
Printed Modern Monochrome Canvas Framed,95.0,https://www.coxandcox.co.uk/printed-modern-monochrome-canvas-framed/,Frames & Pictures,Cox & Cox,HTML Scrape,2026-03-21
Framed Hand Painted Eucalyptus Canvas,115.0,https://www.coxandcox.co.uk/handpainted-eucalyptus-canvas-framed/,Frames & Pictures,Cox & Cox,HTML Scrape,2026-03-21
Two Embroidered Lemon Framed Canvases,135.0,https://www.coxandcox.co.uk/two-embroidered-linen-lemon-wall-art-frames/,Frames & Pictures,Cox & Cox,HTML Scrape,2026-03-21
Gingko Leaves Framed Canvas,95.0,https://www.coxandcox.co.uk/gingko-leaves-framed-canvas/,Frames & Pictures,Cox & Cox,HTML Scrape,2026-03-21
Neutral Sands Framed Canvas,150.0,https://www.coxandcox.co.uk/neutral-sands-framed-canvas/,Frames & Pictures,Cox & Cox,HTML Scrape,2026-03-21
Industrial Textured Squares Framed Canvas,135.0,https://www.coxandcox.co.uk/industrial-textured-squares-framed-canvas/,Frames & Pictures,Cox & Cox,HTML Scrape,2026-03-21
Coastal Horizon Framed Canvas,135.0,https://www.coxandcox.co.uk/coastal-horizon-framed-canvas/,Frames & Pictures,Cox & Cox,HTML Scrape,2026-03-21
Fruit Bowl Abstract Canvas,45.0,https://www.coxandcox.co.uk/fruit-bowl-abstract-canvas/,Frames & Pictures,Cox & Cox,HTML Scrape,2026-03-21
Textured Grid Framed Print,85.0,https://www.coxandcox.co.uk/textured-grid-framed-print/,Frames & Pictures,Cox & Cox,HTML Scrape,2026-03-21
Framed Fern Linen Print,45.0,https://www.coxandcox.co.uk/framed-fern-linen-print/,Frames & Pictures,Cox & Cox,HTML Scrape,2026-03-21
Framed Wildflower Linen Print,45.0,https://www.coxandcox.co.uk/framed-wildflower-linen-print/,Frames & Pictures,Cox & Cox,HTML Scrape,2026-03-21
Layered Neutral Stripe Canvas,37.5,https://www.coxandcox.co.uk/layered-neutral-stripe-canvas/,Frames & Pictures,Cox & Cox,HTML Scrape,2026-03-21
Miniature Layered Framed Abstract Canvas,30.0,https://www.coxandcox.co.uk/miniature-layered-framed-abstract-canvas/,Frames & Pictures,Cox & Cox,HTML Scrape,2026-03-21
Framed Chequered Canvas,85.0,https://www.coxandcox.co.uk/framed-chequered-canvas/,Frames & Pictures,Cox & Cox,HTML Scrape,2026-03-21
Framed Wildflower Hessian Wall Art,150.0,https://www.coxandcox.co.uk/framed-wildflower-hessian-wall-art/,Frames & Pictures,Cox & Cox,HTML Scrape,2026-03-21
Two Framed Grass Seed Canvases,115.0,https://www.coxandcox.co.uk/two-framed-grass-seed-canvases/,Frames & Pictures,Cox & Cox,HTML Scrape,2026-03-21
Textured Squares Framed Linen Wall Art,135.0,https://www.coxandcox.co.uk/textured-squares-framed-linen-wall-art/,Frames & Pictures,Cox & Cox,HTML Scrape,2026-03-21
Two Framed Eucalyptus Prints,65.0,https://www.coxandcox.co.uk/two-framed-eucalyptus-prints/,Frames & Pictures,Cox & Cox,HTML Scrape,2026-03-21
Two Iris Framed Prints,150.0,https://www.coxandcox.co.uk/two-iris-framed-prints/,Frames & Pictures,Cox & Cox,HTML Scrape,2026-03-21
Framed Bracken Leaf Print,60.0,https://www.coxandcox.co.uk/framed-bracken-leaf-print/,Frames & Pictures,Cox & Cox,HTML Scrape,2026-03-21
Three Faux Helleborus Stems,50.0,https://www.coxandcox.co.uk/three-faux-helleborus-stems/,Home & Giftware,Cox & Cox,HTML Scrape,2026-03-21
Four Cotton Napkins - Slate Blue,18.75,https://www.coxandcox.co.uk/four-cotton-napkins-slate-blue/,Home & Giftware,Cox & Cox,HTML Scrape,2026-03-21
Four Cotton Placemats - Grey,22.0,https://www.coxandcox.co.uk/four-cotton-placemats-grey/,Home & Giftware,Cox & Cox,HTML Scrape,2026-03-21
Evelina Serving Bowl,30.0,https://www.coxandcox.co.uk/eveline-serving-bowl/,Home & Giftware,Cox & Cox,HTML Scrape,2026-03-21
Faux Potted Pampas Grass,30.0,https://www.coxandcox.co.uk/faux-potted-pampas-grass-dried-grass/,Home & Giftware,Cox & Cox,HTML Scrape,2026-03-21
Faux Potted Fruiting Olive Tree,125.0,https://www.coxandcox.co.uk/faux-potted-fruiting-olive-tree/,Home & Giftware,Cox & Cox,HTML Scrape,2026-03-21
Faux Potted Allium,48.0,https://www.coxandcox.co.uk/faux-potted-allium/,Home & Giftware,Cox & Cox,HTML Scrape,2026-03-21
Crystal Glassware,50.0,https://www.coxandcox.co.uk/crystal-glassware/,Home & Giftware,Cox & Cox,HTML Scrape,2026-03-21
Cotton Tablecloth - Slate Blue,70.0,https://www.coxandcox.co.uk/cotton-tablecloth-slate-blue/,Home & Giftware,Cox & Cox,HTML Scrape,2026-03-21
Four Fluted Sundae Glasses,30.0,https://www.coxandcox.co.uk/four-fluted-sundae-glasses/,Home & Giftware,Cox & Cox,HTML Scrape,2026-03-21
Two Striped Glazed Mugs,40.0,https://www.coxandcox.co.uk/two-striped-glazed-mugs/,Home & Giftware,Cox & Cox,HTML Scrape,2026-03-21
Two Fluted Striped Mugs - Olive,40.0,https://www.coxandcox.co.uk/two-fluted-striped-mugs-olive/,Home & Giftware,Cox & Cox,HTML Scrape,2026-03-21
Four Vintage Style Ice Cream Bowls,45.0,https://www.coxandcox.co.uk/four-vintage-style-ice-cream-bowls/,Home & Giftware,Cox & Cox,HTML Scrape,2026-03-21
Twelve Piece Lila Dinnerware Set,125.0,https://www.coxandcox.co.uk/twelve-piece-lila-dinnerware-set/,Home & Giftware,Cox & Cox,HTML Scrape,2026-03-21
Four Pia Mugs,40.0,https://www.coxandcox.co.uk/four-clea-mugs/,Home & Giftware,Cox & Cox,HTML Scrape,2026-03-21
Four Ilana Side Plates,30.0,https://www.coxandcox.co.uk/four-ilana-side-plates/,Home & Giftware,Cox & Cox,HTML Scrape,2026-03-21
Two Speckled Glazed Mugs,40.0,https://www.coxandcox.co.uk/two-speckled-glazed-mugs/,Home & Giftware,Cox & Cox,HTML Scrape,2026-03-21
Twelve Abrey Dinnerware set,125.0,https://www.coxandcox.co.uk/twelve-abrey-dinnerware-set/,Home & Giftware,Cox & Cox,HTML Scrape,2026-03-21
Fiorella Dinnerware,14.5,https://www.coxandcox.co.uk/fiorella-dinnerware/,Home & Giftware,Cox & Cox,HTML Scrape,2026-03-21
Six Kamila Dinner Plates,65.0,https://www.coxandcox.co.uk/six-kamila-dinner-plates/,Home & Giftware,Cox & Cox,HTML Scrape,2026-03-21
Six Kamila Side Plates,45.0,https://www.coxandcox.co.uk/six-kamila-side-plates/,Home & Giftware,Cox & Cox,HTML Scrape,2026-03-21
Etta Dinnerware,40.0,https://www.coxandcox.co.uk/etta-dinnerware/,Home & Giftware,Cox & Cox,HTML Scrape,2026-03-21
Two Green Handled Salad Servers,50.0,https://www.coxandcox.co.uk/two-green-handled-salad-servers/,Home & Giftware,Cox & Cox,HTML Scrape,2026-03-21
Two Fan Salad Servers,50.0,https://www.coxandcox.co.uk/two-fan-salad-servers/,Home & Giftware,Cox & Cox,HTML Scrape,2026-03-21
Kamila Serving Bowl,30.0,https://www.coxandcox.co.uk/kamila-serving-bowl/,Home & Giftware,Cox & Cox,HTML Scrape,2026-03-21
Textured Glass Cake Plate,16.5,https://www.coxandcox.co.uk/textured-glass-cake-plate/,Home & Giftware,Cox & Cox,HTML Scrape,2026-03-21
Adie Dinnerware,25.0,https://www.coxandcox.co.uk/adie-dinnerware/,Home & Giftware,Cox & Cox,HTML Scrape,2026-03-21
Green Recycled Glass Citronella Candle,35.0,https://www.coxandcox.co.uk/green-recycled-glass-citronella-candle/,Home & Giftware,Cox & Cox,HTML Scrape,2026-03-21
White Glaze Ginger Jar,80.0,https://www.coxandcox.co.uk/white-glaze-ginger-jar/,Home & Giftware,Cox & Cox,HTML Scrape,2026-03-21
Soap Dish - Blue Stripe,22.0,https://www.coxandcox.co.uk/soap-dish-blue-stripe/,Home & Giftware,Cox & Cox,HTML Scrape,2026-03-21
Soap Dish - Ochre Stripe,22.0,https://www.coxandcox.co.uk/soap-dish-ochre-stripe/,Home & Giftware,Cox & Cox,HTML Scrape,2026-03-21
Faux Potted Allium - Small,48.0,https://www.coxandcox.co.uk/faux-potted-allium-small/,Home & Giftware,Cox & Cox,HTML Scrape,2026-03-21
Faux Potted Eucalyptus - Large,115.0,https://www.coxandcox.co.uk/faux-potted-eucalyptus-large/,Home & Giftware,Cox & Cox,HTML Scrape,2026-03-21
Heritage Pink Tasselled Throw,85.0,https://www.coxandcox.co.uk/heritage-pink-tasselled-throw/,Home & Giftware,Cox & Cox,HTML Scrape,2026-03-21
Two Green Scalloped Trays,85.0,https://www.coxandcox.co.uk/two-green-scalloped-trays/,Home & Giftware,Cox & Cox,HTML Scrape,2026-03-21
Glazed Bowl Vase - Black,65.0,https://www.coxandcox.co.uk/glazed-bowl-vase-black/,Home & Giftware,Cox & Cox,HTML Scrape,2026-03-21
Handmade Glass Ruffle Dish,35.0,https://www.coxandcox.co.uk/handmade-glass-ruffle-dish/,Home & Giftware,Cox & Cox,HTML Scrape,2026-03-21
Christmas Star Decoration,8.5,Manual Research,Christmas,Cox & Cox,Manual Research,2026-03-21
Frosted Glass Bauble Set,12.0,Manual Research,Christmas,Cox & Cox,Manual Research,2026-03-21
Nordic Christmas Wreath,45.0,Manual Research,Christmas,Cox & Cox,Manual Research,2026-03-21
Gold Hanging Star,15.0,Manual Research,Christmas,Cox & Cox,Manual Research,2026-03-21
Felt Reindeer Ornament,9.5,Manual Research,Christmas,Cox & Cox,Manual Research,2026-03-21
LED Twig Tree,38.0,Manual Research,Christmas,Cox & Cox,Manual Research,2026-03-21
Velvet Stocking,18.0,Manual Research,Christmas,Cox & Cox,Manual Research,2026-03-21
Nutcracker Figure,25.0,Manual Research,Christmas,Cox & Cox,Manual Research,2026-03-21
Pastel Fabric Bunting 3m,12.5,Manual Research,Bunting & Decoration,Cox & Cox,Manual Research,2026-03-21
Rainbow Party Bunting,15.0,Manual Research,Bunting & Decoration,Cox & Cox,Manual Research,2026-03-21
Natural Wood Garland,22.0,Manual Research,Bunting & Decoration,Cox & Cox,Manual Research,2026-03-21
Linen Bunting Flags,18.5,Manual Research,Bunting & Decoration,Cox & Cox,Manual Research,2026-03-21
Pom Pom Decoration,28.0,Manual Research,Bunting & Decoration,Cox & Cox,Manual Research,2026-03-21
Ceramic Robin Ornament,15.0,Manual Research,Nature & Animals,Cox & Cox,Manual Research,2026-03-21
Wooden Bird Decoration Set,22.5,Manual Research,Nature & Animals,Cox & Cox,Manual Research,2026-03-21
Hedgehog Garden Ornament,35.0,Manual Research,Nature & Animals,Cox & Cox,Manual Research,2026-03-21
Fox Figurine,18.0,Manual Research,Nature & Animals,Cox & Cox,Manual Research,2026-03-21
Butterfly Wall Art,40.0,Manual Research,Nature & Animals,Cox & Cox,Manual Research,2026-03-21
Squirrel Nut Bowl,25.0,Manual Research,Nature & Animals,Cox & Cox,Manual Research,2026-03-21
Luxury Gift Set,65.0,Manual Research,Sets & Kits,Cox & Cox,Manual Research,2026-03-21
Home Scent Gift Set,45.0,Manual Research,Sets & Kits,Cox & Cox,Manual Research,2026-03-21
Gardening Tool Kit,55.0,Manual Research,Sets & Kits,Cox & Cox,Manual Research,2026-03-21
Spa Relaxation Set,38.0,Manual Research,Sets & Kits,Cox & Cox,Manual Research,2026-03-21
Afternoon Tea Set,42.0,Manual Research,Sets & Kits,Cox & Cox,Manual Research,2026-03-21
Wine Lover's Gift Box,58.0,Manual Research,Sets & Kits,Cox & Cox,Manual Research,2026-03-21
Baker's Companion Set,20.0,Manual Research,Sets & Kits,Cox & Cox,Manual Research,2026-03-21
Artisanal Cheese Board Kit,32.0,Manual Research,Sets & Kits,Cox & Cox,Manual Research,2026-03-21
